record_id,aamc,doximity,freida,nrmp,reddit,program_site,google_sheet,doc_network
1,3,7,1,6,4,2,5,NA
2,5,4,3,9,NA,2,1,7
3,NA,5,2,8,4,1,6,9
4,9,3,1,4,8,2,6,NA
5,7,8,1,6,5,4,2,3
6,3,2,4,5,6,1,7,8
7,3,2,5,7,9,4,8,NA
8,5,6,1,7,3,2,4,NA
9,7,8,9,6,1,2,3,4
10,8,3,2,NA,6,4,5,7
11,6,NA,1,5,4,3,2,7
12,4,NA,1,6,5,2,3,7
13,1,7,2,9,4,3,6,8
14,2,6,5,1,8,7,9,NA
15,5,4,6,7,3,2,1,8
16,2,6,5,7,4,3,1,NA
17,1,6,2,4,NA,5,7,8
18,1,2,NA,7,4,3,9,8
19,2,6,1,7,4,3,5,NA
20,7,3,8,6,2,4,1,5
21,5,4,1,NA,3,2,9,6
22,1,3,NA,2,7,4,5,6
23,5,8,4,3,6,2,7,9
24,2,4,NA,5,6,3,1,7
25,1,4,7,5,2,3,8,6
26,5,8,3,4,1,7,2,6
27,5,3,4,7,6,2,1,NA
28,1,7,2,6,4,3,5,8
29,6,4,2,7,5,1,3,8
30,8,5,9,6,3,2,1,7
31,5,2,7,6,1,3,4,8
32,5,3,4,7,8,2,9,NA
33,7,4,8,6,1,3,2,5
34,7,6,1,5,4,2,3,8
35,6,5,NA,7,3,2,1,4
36,4,3,NA,5,7,2,1,6
37,4,7,5,6,3,1,2,8
38,8,1,2,7,3,4,5,6
39,8,6,5,7,3,2,1,4
40,9,2,4,NA,3,7,1,6
41,4,3,7,6,8,1,2,NA
42,,5,4,NA,1,2,3,6
43,3,7,1,8,4,2,5,9
44,3,5,6,4,7,2,9,8
45,3,5,2,4,7,1,6,NA
46,3,6,2,7,5,1,4,NA
47,1,9,NA,2,8,3,7,6
48,6,3,2,4,7,1,5,NA
49,6,5,1,7,3,4,2,NA
50,,1,2,NA,4,3,5,6
51,3,7,2,8,5,1,6,9
52,1,9,3,8,2,4,5,6
53,8,4,3,2,6,7,1,5
54,6,5,7,8,3,1,2,4
55,NA,2,,,4,1,3,
56,4,5,9,6,7,1,8,NA
58,5,6,3,7,4,1,2,NA
59,6,4,3,5,2,1,9,NA
60,2,4,1,3,7,5,6,NA
61,2,4,3,5,6,1,7,8
62,1,2,3,4,7,5,6,NA
63,2,4,3,1,7,5,6,NA
64,3,5,1,2,7,6,4,NA
65,8,9,4,5,6,3,7,NA
